id_libro,titulo,autor,precio,id_editorial
98,Agney,Anitra,1851.29,4
86,Ghilardi,Aubrie,2118.33,4
72,Talton,Audrey,2299.81,4
62,Hanwell,Bebe,2150.97,4
23,Pantlin,Blithe,1952.40,4
22,Moughton,Daniele,1459.74,4
60,Older,Desirae,856.58,4
99,Murrthum,Gavrielle,2062.60,4
51,Cullon,Janean,2047.79,4
54,Hamblen,Janela,2584.86,4
21,Carlick,Josey,1645.44,4
11,Casburn,Madelin,1951.64,4
91,Hastwell,Malissia,1401.86,4
92,Leon,Mellicent,2390.65,4
50,Mallett,Nicky,2579.44,4
30,Edkins,Sukey,908.07,4
